,PC1,PC2,PC3,PC4,PC5,PC6,PC7,PC8,PC9,PC10,PC11,PC12,PC13,PC14,PC15,PC16,PC17,PC18,PC19,PC20,PC21,PC22,PC23
ASC Unity,-0.2823378703215694,0.13986180790232533,-0.11049999218380824,-0.041744280271836694,-0.034532774402104865,0.23613927428374443,0.08524868419849863,0.04066783848449814,-0.08559879340703436,-0.2064584061139133,0.268160524856107,0.011888144665290834,0.04883411241735294,0.09458900740720137,-0.33888490364523494,0.05819408317804862,-0.2963164348277882,-0.3506964666687448,-0.47933329872228786,-0.16301885753642312,0.07983342102981318,0.08255075930322074,0.29835496034507114
ASC Spiritual,-0.2232798272485383,0.06839770619023156,0.11312715208324246,-0.3596117078841632,-0.21301965724118316,0.007961474218832943,-0.05292072480750195,-0.23777710392350768,0.4424813257133319,0.10475502955142996,-0.12347380184501873,-0.1146392844809665,-0.1311105912303123,0.3707620156707032,-0.06577973845524926,-0.4517876941593812,0.20322142920892092,0.04298795692453236,-0.020863761700447153,-0.012227203906593438,0.15094347655229035,-0.03904166221094116,0.179681628017639
ASC Blissful,-0.23470463251422288,0.18419300177014947,0.09107479291258518,0.05421438497572371,0.01533745511985033,0.1373867771831853,0.449643695445618,-0.31522026946577597,-0.16159774291027718,-0.11862039045675654,-0.021809794158862934,0.06999233052163263,0.23795040767657405,0.2842932283006839,0.21964676118924903,0.10931981572590835,0.06014654320340604,0.19829039393415426,-0.13031150331302727,-0.1305681458283062,0.15201512413704477,-0.1809363616282398,-0.45065403740446847
ASC Insightfulness,-0.27635760771154344,0.04911286069479781,0.1370870901202022,-0.024832920966067373,0.2682191541871014,-0.05024303755519607,0.000671612686641166,0.09385619094627304,0.12376810953052034,0.12742995522556771,-0.0022732902284210215,0.31070410074645144,0.48417606293724613,0.04346146322651811,-0.32737220963934993,-0.010280709725894899,-0.12298695741273727,-0.15830274066130007,0.4539663577961798,0.16939720631801186,0.01555233627712306,-0.26230389588203235,0.05315220112257148
ASC Disembodiment,-0.2233099621853597,0.049721919659685004,-0.3212649276706728,-0.25513041189763874,0.1534957744894637,0.006855960438440531,-0.041463295507138814,0.14060993264395424,0.38062181996413735,0.3287041814633514,-0.12684740143692036,0.014729045175898113,0.014504930932773875,-0.17345597171584756,0.20570527272605088,0.4312175722244137,0.0900156863576295,0.014611487233490383,-0.3578050010920897,0.1237503796208742,-0.07091714647890487,-0.21654670656405728,-0.05381027336649882
ASC Impaired,-0.1233680558731353,-0.3596663706840272,-0.3262364070180231,-0.13114629171811062,0.00525951130757161,0.2642382537944849,-0.13999397258997873,-0.2890096452324145,0.024691709877473583,-0.002590824473522773,-0.0430877565904198,-0.052120592221738045,0.1748223573979754,-0.14727696237366053,-0.07172852214357867,0.21015526212827615,0.08236597073399768,0.03861019294666832,0.2853116141916408,-0.22908421549741348,0.400068434049954,0.38607661818351496,-0.0282187088288786
ASC Anxiety,-0.090762290172304,-0.41947455576879566,-0.20839302214537114,-0.21082652643612038,0.04611428030513647,0.043358361634320206,-0.00810673417614478,-0.01529980313421056,-0.24987694506670127,-0.15719792534488009,0.02196002795734874,-0.15791384206980122,0.4458936235055196,0.04015972371515002,0.22251668766396515,-0.33575852960786146,0.06413346368733175,0.03728980224959534,-0.1682898644836232,0.26300557515806955,-0.36541342364457086,-0.029278812429999433,0.1048341384583645
ASC Complex imagery,-0.1501134207090655,-0.34392255993581433,0.09989339995336174,0.008603299435260846,-0.03736315164390064,0.1661883867152727,0.16908051551690725,0.17178294143027173,-0.35176037901769147,0.27817418488468076,-0.4212357763759782,0.31761075538394273,-0.2728797010125331,0.00041672405574166404,-0.1071094388507238,-0.10927968707415617,0.25781505756067774,-0.307634815432899,-0.11166426146125959,-0.04937776865047987,0.05110452538860781,-0.04921635835099873,-0.06049102546179077
ASC Elementary imagery,-0.12990913888052588,0.17630678350463436,-0.1748283969327972,0.27205139648073307,-0.31140123670458847,0.4173857565260464,-0.34235535854674426,0.31458216304369374,-0.055773307990573104,-0.09622404575239148,-0.30642712492387564,-0.22243576193092413,0.035339580760982946,0.29008869193487613,0.0583481147472262,0.06424222055730959,-0.11354239757333043,0.017338475447789062,0.14755265157351974,0.234051220579432,0.047748082070053426,-0.09783806918407408,-0.09918956087298239
ASC Audiovisual,-0.15272900915255033,-0.07777990406145212,-0.0725576014845881,0.2973422559922674,0.12074990189513221,-0.20018199993312585,-0.6302062160445913,-0.4670925935334354,-0.10408434244188713,0.055671222346808005,0.020367273274212692,0.161520742564089,-0.07882258531917948,0.09207243983237547,-0.10213820839508567,-0.043536994105507584,-0.017020747724807286,-0.030211701118670397,-0.21109865416527193,-0.09530938508171875,-0.11854959650305312,-0.20144952847688383,-0.17325949950092068
ASC Changed,-0.12601900073404518,-0.3142697407416728,0.22282782898998935,0.17522200717862565,-0.06481477152477798,0.30815867159155874,0.20205133740021805,-0.3455055320640371,0.26990017861213544,-0.2673028416068789,-0.054137724551553364,-0.03443106342049923,-0.2759810568637561,-0.22609077377903072,-0.10446800332088409,0.18458636978318949,-0.13293595638097988,0.0701937763839503,0.06875973171048198,0.3052180943650815,-0.2285713763172916,-0.19425148317894195,0.12038271303846784
NDE Cognition,-0.2173470439520705,-0.141551181887236,0.13747187366715188,0.10104648070401628,0.39663641431832203,-0.16739024243607176,-0.05352141211923225,0.2731206334677947,-0.03803954332270846,-0.34846496988085185,-0.019369408667360706,-0.31850115299256093,-0.09134976372169734,0.18922977201356653,-0.15893710884796103,0.21219499367248967,0.44908464927879627,0.18278603400355686,-0.007507330612743779,-0.1461671828367747,0.08176919064021639,-0.10087727528848106,0.1682571373574956
NDE Affect,-0.2268107618703443,0.26339955386982483,0.21400787806047994,0.1712246386898689,-0.06273368219285509,0.19159695262866536,-0.07744496781988694,0.05225838510519663,-0.0002853381511399438,0.1066634617696143,-0.21169406665626986,0.04059581128612146,0.2393717726887578,-0.46044192470938067,-0.11938690843601661,-0.19489613734301342,0.12417212430332022,0.4268236703807118,-0.15835034705707796,-0.24574497731791328,-0.1974989648412082,0.19124527818145118,0.12907604962697536
NDE Paranormal,-0.2458078934952171,-0.16669157633950993,0.14728821293571717,0.21410126873229776,0.2191923918381048,-0.27325993654859704,0.012999772236958763,0.1422534669524629,0.1991588391850645,-0.12198795050453086,-0.22083499452996638,0.000858479319156919,-0.007761683099013112,-0.08129506552497658,0.2418566327032585,-0.22129254075090224,-0.39098824073244004,-0.013879709276796777,-0.1940712851014361,0.2025695472051515,0.37248650696121455,0.31155563089509375,-0.1269407565573452
NDE Transcendental,-0.07363575034488457,-0.24427583402742412,0.401535081367842,-0.19373667077112472,-0.4496141676962277,-0.1605261652451839,-0.15449998287603525,0.15378419677872374,0.032186466140255325,-0.008423267461456791,0.1264282472980038,-0.301852852224239,0.19414992213480556,-0.2241641120425107,-0.1142346966497075,0.11526122817754333,-0.043300623542627044,-0.16665702813475283,-0.08173746857593607,-0.1563722412670505,0.06990376224428532,-0.1944086622225465,-0.3670867906424936
MEQ Mystical,-0.3041546565034898,0.10318539239745601,-0.07601648744583962,0.034451420789665836,-0.021061525288288932,0.021995031445859247,0.010758753560672225,0.11389414797082988,0.16092371501885946,-0.10700889390185632,0.32265081208435414,0.1080235558368467,-0.15065379142531357,0.006577939014475772,-0.09036187603742057,-0.06663405721387589,0.31119664225720584,-0.17446167270227628,0.10276427101669416,0.1906232712425644,-0.3309693070611952,0.4489152149957805,-0.4496149799868095
MEQ Positive,-0.22781199607601738,0.09660588385931664,0.10708742897199029,0.366648895429439,-0.1704197250706727,-0.1551801335096127,0.1037242770634005,-0.20784036758449564,-0.1497355136214731,0.37400184795615354,0.18512997484169538,-0.2861160884846797,0.1119869469243496,-0.04865048971118614,0.24268462907472926,0.13057147297922925,0.24122966077968558,-0.26130671295533037,0.05976298639541426,0.2271594937196647,0.11571519549617268,0.09162060957380229,0.3362634558911272
MEQ Transcendental,-0.26207088934035366,0.0695284021560748,-0.34622852718473224,0.0670308217757486,0.09639017163503598,0.04423117295055335,0.11041855499781757,0.08065815009908024,-0.05554244612974325,-0.021472622990103257,0.2033140536837509,-0.20526356565910064,-0.2602528098840176,-0.3693133552821378,0.12152762047929515,-0.40533076816037517,-0.06464305342293422,-0.05853399249382248,0.23468851476147184,-0.21384542883135058,0.12150861304315236,-0.4141798783122814,-0.08513160338954816
MEQ Inefability,-0.1715666222743345,-0.14724133149191862,-0.1798431696699627,0.12665614638586256,-0.49066437317297046,-0.27250132462237453,0.014368998471196734,0.16668905347601395,0.08815362827884853,-0.26820153743002395,0.12653303790342177,0.5313843769865043,0.024920192196721716,0.02095255063471683,0.1996432788450306,0.08310728612516258,0.10417773340765465,0.1854534966459035,0.04536056209005693,-0.10269458448960098,0.07047563601742583,-0.10135345260281801,0.24187364135646705
MEQ Awe,-0.19115615009520573,-0.03252770813494673,0.32605442182001637,-0.30070458497793967,0.11257647151217723,0.2674712590541638,-0.2629261747320675,0.1030491460424529,-0.2848701528866283,0.16262002648821755,0.41979926710021376,0.16773143093011747,-0.2257302864265745,0.03165429181641982,0.2238505284579563,0.05234935662192681,-0.11504366791288992,0.3193097903338928,0.03445306484447853,0.19079482277908302,0.16606841639764103,0.008557020082878942,0.06708421794323409
Post Social,-0.1429348812311852,0.28241129839339607,-0.15638630787723104,-0.3208265083848949,-0.1436962305128859,-0.33711839568179347,0.019167334527462887,-0.16729799502727943,-0.37132598938045797,-0.1984197249086969,-0.23956860319192352,-0.040624561202709554,-0.12210087600788475,-0.22793547883003495,-0.299765634156969,0.08142519643961359,0.01532222751805229,0.12736415766315023,0.015985097032467782,0.41450317752627236,0.14472854878619054,0.015907719056276717,-0.0199989847682746
Post Fusion,-0.2614845436874501,0.1568903214411274,0.16049554032122065,-0.263398838449571,0.04663165796418446,-0.09713190224299786,-0.09648190604016155,-0.09167560923378323,-0.10030530230625338,-0.18308932923456267,-0.28176661463548597,-0.022358323620508894,-0.10007030970266378,0.021832884799791653,0.39754275181476734,0.17493364314398546,-0.1988543951926499,-0.2804658101740793,0.2697070077824552,-0.33459496013682005,-0.3526860288981849,0.12182468233224318,0.13347200819314403
Post Setting,-0.23373711798706792,-0.22057313318793922,-0.1605051845113421,0.06045267104582018,-0.1091337832854318,-0.23149874093656506,0.21819226616183726,0.07347514903025601,-0.08116826236520404,0.3890013048027822,0.023849404640421915,-0.193019663519019,-0.13721572711467786,0.2763924177127241,-0.24791548611564987,0.08736456540969169,-0.3753795316693076,0.3605212399742769,0.1026120586426114,-0.13957054834541183,-0.2697993567102099,0.12036610452713718,-0.023753155500176898
